ID,Country Codes
259,USA
116,TZA
283,USA
2393,CAN
429,IND
2184,IRQ
486,RUS
494,RUS
1658,BRA
756,ECU
2141,VUT
788,USA
1629,BRA
1454,USA
830,USA
2170,PHL
9,GIN
2205,IRQ
2661,PNG
1813,BRA
855,USA
53,SDN
1653,TCD
1692,SDN
2048,CHN
1695,SDN
2042,CHN
2043,CHN
1893,NIC
255,USA
1894,NIC
796,USA
890,USA
587,PER
797,USA
8,EGY
798,USA
1338,TUR
298,DMA
857,USA
413,POL
807,USA
868,USA
2075,AUS
345,HRV
438,NPL
2629,SLB
2201,PHL
41,CMR
56,SDN
92,KEN
1321,CIV
689,RUS
465,RUS
1432,CHN
150,USA
2049,CHN
180,AUS
189,AUS
2671,PNG
1687,ETH
89,ETH
2632,SLB
68,SDN
42,CMR
59,SDN
1651,TCD
2219,MMR
1817,BRA
2592,IDN
2642,VUT
854,USA
696,MAR
111,ZAI
1925,BOL
2050,CHN
677,RUS
341,UKR
1353,RUS
822,USA
1443,ZAF
1444,ZAF
479,RUS
1517,RUS
1548,USA
2675,PNG
2091,PHL
783,USA
573,ARG
573,BOL
573,CHL
124,ANG
808,USA
2634,SLB
2596,IDN
2597,IDN
2658,PNG
301,SLV
301,HND
2134,SLB
1987,TUR
2351,SYR
2202,IRQ
825,USA
319,VEN
2687,PNG
209,AUS
771,USA
630,BRA
678,RUS
722,RUS
2552,IDN
2647,VUT
1895,NIC
94,KEN
781,USA
1838,BRA
2601,IDN
135,ZAF
2086,AUS
901,USA
131,ZAF
35,CMR
2073,AUS
2603,IDN
682,AUS
39,CMR
958,USA
1257,BTN
813,USA
603,BRA
105,UGA
852,USA
31,NGA
1782,BRA
639,ARG
2281,MYS
833,USA
831,USA
645,COL
2606,IDN
962,PER
832,USA
2608,IDN
2044,CHN
2045,CHN
2399,CAN
601,ARG
853,USA
1549,USA
791,USA
443,IND
1291,TUN
866,USA
108,UGA
129,BWA
827,USA
828,USA
329,RUS
2161,NCL
806,USA
1288,MAR
838,USA
839,USA
1896,NIC
2621,MYS
560,MMR
2064,ECU
1738,SDN
799,USA
16,CIV
2568,IDN
2204,IRN
1815,BRA
1534,USA
778,USA
2612,IDN
794,USA
2400,CAN
644,RUS
1062,TUR
1811,BRA
2709,PNG
2046,CHN
856,USA
662,ARG
2600,IDN
850,USA
774,USA
121,TZA
782,USA
1537,USA
136,ZAF
2677,PNG
477,RUS
881,USA
130,ZAF
1881,BRA
618,BRA
252,AUS
754,PER
158,RUS
509,RUS
610,BRA
849,USA
2713,PNG
21,NGA
4,ESP
12,GIN
17,ETH
17,TGO
87,ETH
93,KEN
100,KEN
104,UGA
125,ANG
126,ANG
137,KEN
170,AUS
177,AUS
305,COL
358,UKR
361,GBR
371,FIN
390,ESP
395,RUS
403,DEU
460,CHN
470,RUS
485,RUS
488,RUS
499,RUS
510,RUS
513,IND
519,IND
540,MMR
547,THA
551,MMR
558,IND
569,BOL
594,PER
624,BRA
631,PER
777,USA
1121,NPL
1148,NPL
1149,NPL
1156,NPL
1295,SLE
1314,SLE
1342,GBR
1354,LVA
1445,ZAF
1449,RUS
1601,IRL
1609,HUN
1610,RUS
1611,RUS
1613,AZE
1624,BRA
1904,PAN
2286,MYS
2685,PNG
1507,BRA
1399,CMR
1398,CMR
2113,PNG
2507,VUT
595,BRA
1966,VEN
2711,PNG
314,COL
779,USA
657,PER
661,BOL
2047,CHN
809,USA
810,USA
665,CHL
1776,BRA
2060,ARG
2112,PNG
2280,IDN
729,PER
571,BRA
728,PER
1708,BRA
287,BRA
792,USA
582,BOL
173,AUS
181,AUS
179,AUS
198,AUS
1672,BRA
26,NGA
652,BRA
811,USA
1535,USA
649,BRA
2069,BRA
801,USA
2508,VUT
239,AUS
1704,BRA
1389,NGA
1615,BRA
1619,BRA
789,USA
1463,USA
44,CMR
37,CMR
580,BOL
816,USA
814,USA
812,USA
1643,TCD
834,USA
836,USA
835,USA
1623,BRA
817,USA
865,USA
279,USA
1470,USA
1370,MEX
2157,VUT
2521,IDN
802,USA
2072,AUS
235,AUS
2266,IDN
2120,PNG
2563,IDN
2074,AUS
658,ARG
2139,SLB
1462,COL
248,AUS
38,CMR
2106,PNG
2655,PNG
2200,PHL
2722,IND
163,RUS
1789,BRA
178,AUS
960,USA
2417,CHN
40,CMR
600,BRA
2551,IDN
152,USA
606,BOL
609,BRA
2077,AUS
611,BRA
2549,IDN
869,USA
793,USA
2146,VUT
218,AUS
2147,VUT
640,BRA
651,PER
679,RUS
719,RUS
2138,SLB
249,AUS
902,USA
455,CHN
527,VNM
1359,MEX
1958,BOL
2142,VUT
2149,VUT
2150,VUT
2151,VUT
2152,VUT
2154,VUT
2513,VUT
1663,BRA
2071,AUS
844,USA
369,UKR
133,ZAF
204,AUS
815,USA
820,USA
567,BRA
805,USA
2114,PNG
2515,VUT
1400,CMR
78,ETH
583,PER
437,NPL
195,AUS
636,PER
132,ZAF
575,BRA
664,BRA
913,MEX
995,BRA
201,AUS
221,AUS
217,AUS
668,ECU
668,PER
829,USA
2160,NCL
891,USA
764,USA
1864,HND
502,RUS
194,AUS
115,TZA
2591,IDN
2593,IDN
2594,IDN
1867,BRA
453,CHN
454,CHN
1942,BRA
1880,BRA
613,BRA
2595,IDN
202,AUS
2644,VUT
1655,TCD
884,USA
214,AUS
1674,BRA
1674,SUR
763,RUS
627,BRA
110,ZAI
2604,IDN
269,USA
270,USA
887,USA
1840,BRA
1465,USA
892,USA
2698,PNG
231,AUS
1002,THA
2125,PNG
416,RUS
2041,CHN
2706,PNG
1326,CAN
199,AUS
893,USA
2707,PNG
223,AUS
251,AUS
615,BRA
863,USA
1509,BRA
819,USA
515,CHN
206,AUS
203,AUS
1450,MNG
2143,VUT
2144,VUT
2148,VUT
2153,VUT
2155,VUT
2270,IDN
1794,BRA
236,AUS
572,BRA
219,AUS
1459,USA
780,USA
826,USA
790,USA
637,BRA
234,AUS
775,USA
2079,AUS
2578,IDN
153,USA
176,AUS
942,MEX
475,JPN
174,AUS
2510,VUT
2376,CAN
161,USA
1957,BRA
1876,CRI
1953,BOL
2133,SLB
317,VEN
970,MEX
2036,CHN
650,CHL
171,AUS
2176,ISR
1315,SLE
192,AUS
2531,IDN
472,RUS
1857,BRA
2230,VNM
2231,VNM
452,CHN
452,RUS
23,CMR
23,NGA
183,AUS
1940,PNG
1316,SLE
621,BOL
2108,PNG
2599,IDN
205,AUS
2550,IDN
824,USA
227,AUS
229,AUS
860,USA
685,VEN
2648,VUT
1991,KHM
400,NOR
400,SWE
419,SWE
2575,IDN
423,RUS
244,AUS
238,AUS
2542,IDN
2040,CHN
1806,BRA
207,AUS
2534,IDN
1265,MEX
1769,BRA
165,AUS
2263,PLW
200,AUS
445,NPL
990,MEX
2037,CHN
837,USA
848,USA
241,AUS
144,USA
2140,VUT
894,USA
803,USA
727,PER
776,USA
208,AUS
2556,IDN
2554,IDN
629,BRA
2006,COL
619,BRA
45,CMR
1107,NPL
698,MEX
2328,IDN
169,AUS
289,COL
867,USA
693,CAN
2530,IDN
2212,PHL
1635,TCD
1616,BRA
2547,IDN
1464,USA
220,AUS
2267,MYS
1260,ECU
36,CMR
240,AUS
247,AUS
246,AUS
2442,CHN
821,USA
1892,NIC
2110,PNG
2156,VUT
1364,IND
2115,PNG
2111,PNG
548,LAO
1808,BRA
2097,PNG
576,BRA
467,RUS
2538,IDN
766,USA
1945,PER
2129,PNG
1367,MEX
1652,TCD
2136,SLB
172,AUS
2024,BRA
2024,PRY
845,USA
182,AUS
2076,AUS
501,RUS
858,USA
2553,IDN
2382,CAN
505,RUS
2579,IDN
2095,PNG
22,NGA
226,AUS
213,AUS
2128,PNG
2159,NCL
570,PER
2278,IDN
1525,CAN
2666,PNG
2025,BRA
2103,PNG
379,LTU
2540,IDN
2311,IDN
2583,TLS
212,AUS
2557,IDN
625,BRA
2409,CHN
224,AUS
216,AUS
886,USA
98,KEN
2455,IND
2622,PCN
2607,IDN
230,AUS
272,USA
1529,USA
1530,USA
1531,USA
2609,IDN
1000,KHM
1000,THA
312,VEN
2268,MYS
1363,IND
1001,KHM
1001,THA
2137,SLB
159,USA
160,USA
2652,VUT
243,AUS
474,RUS
943,MEX
1753,LAO
660,BRA
944,MEX
1919,BOL
261,CAN
162,USA
2389,CAN
726,MEX
2117,PNG
2107,PNG
2102,PNG
1885,CRI
2118,PNG
656,BRA
2659,PNG
2660,PNG
2003,COL
959,USA
188,AUS
196,AUS
185,AUS
222,AUS
1792,IRN
2387,CAN
1696,BRA
912,MEX
2085,AUS
612,BRA
493,RUS
1371,MEX
1571,USA
2126,PNG
1710,BRA
232,AUS
2663,PNG
2132,PNG
1886,IDN
2518,IDN
2535,IDN
250,AUS
2084,AUS
2645,VUT
2528,IDN
1474,POL
156,RUS
1263,MEX
1873,CRI
1934,BRA
1368,MEX
2101,PNG
2119,PNG
2121,PNG
2145,VUT
2377,CAN
2374,CAN
1924,BOL
2099,PNG
1969,CAN
2537,IDN
2686,PNG
2100,PNG
2158,NCL
2704,PNG
2572,IDN
1005,THA
1928,BOL
2105,PNG
2558,IDN
1259,NPL
1916,BRA
1442,ZAF
2127,PNG
1939,PNG
2650,VUT
2573,IDN
225,AUS
2116,PNG
2130,PNG
1480,MEX
2124,PNG
2104,PNG
1988,ECU
1220,IND
164,AUS
514,LAO
514,VNM
2098,PNG
2096,PNG
20,NGA
2523,IDN
1638,TCD
577,BOL
862,USA
1387,NGA
175,AUS
512,MAR
476,RUS
1766,BRA
608,PER
1385,NGA
2539,IDN
2109,PNG
28,NGA
2543,IDN
2265,MYS
2683,PNG
1391,NGA
841,USA
1030,USA
843,USA
492,RUS
638,PER
2135,SLB
2123,IDN
2122,PNG
1997,COL
1176,IND
274,USA
1978,VEN
1199,IND
770,USA
2565,IDN
2692,PNG
1847,BRA
106,UGA
2483,AFG
823,USA
864,USA
2131,PNG
245,AUS
1874,BRA
2562,IDN
555,CHN
1735,SDN
1223,IND
1224,IND
2191,MRT
2422,CHN
2526,IDN
79,ETH
257,CAN
2529,IDN
260,CAN
2360,CAN
2559,IDN
2329,IDN
2664,PNG
1433,CHN
746,PER
1770,BRA
536,CHN
2649,VUT
2228,KHM
2654,VUT
1762,BRA
1457,BRA
666,BOL
2054,COL
2693,PNG
2367,CAN
2367,USA
2697,PNG
142,CAN
142,USA
1859,BRA
1555,IND
1413,CMR
1401,BWA
1954,BOL
2667,PNG
2571,IDN
197,AUS
1358,MEX
2710,PNG
1081,MEX
2705,PNG
490,RUS
544,LAO
544,THA
2213,PHL
1887,IDN
145,USA
1452,USA
2638,VUT
1547,USA
2199,PHL
2164,PHL
2639,VUT
1877,COL
1796,BRA
1458,USA
2504,VUT
1669,BRA
480,RUS
154,USA
2646,VUT
737,PER
504,RUS
2696,PNG
2023,BRA
1625,BRA
2577,IDN
1034,USA
842,USA
155,CAN
1481,MEX
1482,MEX
574,BRA
2512,VUT
2695,PNG
2390,CAN
211,AUS
2494,NCL
948,MEX
2637,SLB
2691,PNG
190,AUS
2363,CAN
1705,BRA
2520,IDN
2273,IDN
1774,BRA
2541,IDN
2385,CAN
2385,USA
1262,MEX
1627,BRA
724,MEX
2357,CAN
1546,CAN
29,NGA
1688,SDN
167,AUS
2171,PHL
2522,IDN
2275,IDN
51,CAF
2166,PHL
1264,MEX
2290,MYS
2668,PNG
157,USA
2532,IDN
147,RUS
1344,ITA
1841,PAK
882,USA
191,AUS
360,RUS
2336,IDN
2544,IDN
2635,SLB
1790,IRN
1683,ETH
2334,IDN
148,AFG
1508,BRA
2641,VUT
210,AUS
2198,AFG
102,KEN
738,PER
516,LAO
1860,SLV
768,USA
1406,BWA
2694,PNG
2702,PNG
2651,VUT
439,NPL
2511,VUT
1732,SDN
2035,CHN
2684,PNG
520,MMR
720,MNG
2195,LAO
2250,VNM
1793,BRA
723,MEX
1617,BRA
949,MEX
2689,PNG
2495,NCL
2332,IDN
1420,BWA
966,MEX
2498,NCL
2499,NCL
2670,PNG
876,USA
725,MEX
1366,MEX
1888,IDN
2380,CAN
253,CAN
318,GUY
967,MEX
945,MEX
2662,PNG
2058,PER
263,CAN
2672,PNG
2335,IDN
2421,CHN
138,CAN
228,AUS
2227,KHM
911,MEX
2564,IDN
552,LAO
552,VNM
2582,IDN
2505,VUT
2506,VUT
889,USA
1550,USA
946,MEX
2356,CAN
2673,PNG
1665,BRA
1637,TCD
898,USA
846,USA
1319,CAN
284,COL
1755,BRA
1700,BRA
1842,BRA
934,MEX
787,USA
2168,PHL
2088,OMN
592,BTN
14,GIN
14,SLE
524,VNM
2418,CHN
187,AUS
1884,CRI
2669,PNG
2256,LAO
1863,HND
2546,IDN
1417,CMR
2674,PNG
1618,BRA
1421,CHN
2548,IDN
1775,IRN
1775,IRQ
1397,CMR
706,PYF
1466,USA
364,HRV
412,FIN
412,NOR
412,RUS
1690,IND
2699,PNG
2569,IDN
2570,IDN
2080,AUS
278,USA
2193,THA
417,GRC
1471,USA
1593,LKA
2509,VUT
2700,PNG
2325,IDN
324,VEN
2712,PNG
1632,BRA
313,NIC
642,BRA
1682,ETH
446,NPL
910,MEX
141,CAN
141,USA
761,BRA
2330,IDN
614,BRA
1240,BRA
1810,BRA
1621,BRA
2492,NCL
914,MEX
2676,PNG
2611,IDN
2388,CAN
926,MEX
1760,BRA
357,ITA
430,NPL
1239,BRA
303,VEN
2488,IDN
2519,IDN
2640,VUT
2533,IDN
1868,BRA
1839,BRA
2643,VUT
1849,BRA
2318,IDN
1191,CHN
1191,IND
1512,CHN
1512,IND
1238,BRA
1237,BRA
258,CAN
258,USA
1882,COL
2423,CHN
968,MEX
1843,BRA
1409,BWA
1977,VEN
969,MEX
2264,MYS
671,BGR
671,ROU
1403,CMR
1999,COL
1456,USA
1345,ITA
101,KEN
449,CHN
293,GUF
2419,CHN
1415,CMR
1821,OMN
1821,YEM
363,HRV
1510,BRA
10,GNB
10,SEN
769,USA
1527,USA
1528,USA
873,USA
2305,IDN
549,CHN
66,SDN
1200,IND
1392,NGA
859,USA
705,PYF
359,FIN
1914,BOL
2701,PNG
2320,IDN
2307,IDN
751,BOL
751,PER
616,BRA
282,CAN
937,MEX
931,MEX
950,MEX
1331,RUS
1921,BRA
2703,PNG
1500,MEX
598,BRA
1029,MEX
1820,BRA
899,USA
1544,USA
730,PER
2527,IDN
750,PER
82,ETH
653,PER
2653,VUT
956,MEX
1756,BRA
2347,FSM
1533,USA
935,MEX
1917,BRA
1626,BRA
1915,BRA
2352,CAN
2352,USA
1667,BRA
1730,SDN
2255,LAO
64,ZAI
64,SDN
1937,BRA
1292,TUN
752,PER
1918,BRA
2567,IDN
2169,PHL
1041,GEO
2206,CHN
2615,IDN
681,VEN
1004,KHM
1004,THA
43,PAK
321,VEN
1050,RUS
1007,THA
2242,VNM
532,VNM
2197,VNM
1543,USA
1299,SEN
86,ETH
965,BTN
2560,IDN
2561,IDN
306,GUF
772,USA
996,PER
2619,IDN
2056,COL
1163,NPL
414,NOR
414,SWE
1866,HND
1644,TCD
2322,IDN
546,LAO
1003,THA
2319,IDN
1472,USA
237,AUS
1394,CMR
1032,USA
522,MMR
1404,CMR
1514,HRV
1890,NIC
2449,CHN
2487,IND
2487,PAK
2682,PNG
550,IND
2719,MEX
951,MEX
491,RUS
1451,BRA
872,USA
1267,MEX
1175,NPL
1080,MEX
647,BRA
1038,RUS
2354,CAN
1357,MEX
1122,NPL
1294,MRT
2656,PNG
1048,RUS
982,MEX
1952,BOL
1660,CAF
2631,SLB
2678,PNG
2001,COL
800,CAN
952,MEX
1355,MEX
1872,BRA
2500,NCL
2379,CAN
2361,CAN
715,NFK
2251,LAO
633,BOL
2497,NCL
980,MEX
568,COL
1402,CMR
1402,NGA
1418,CMR
2628,SLB
897,USA
1628,BRA
351,ITA
1734,SDN
1668,BRA
2633,SLB
753,PER
1648,TCD
1236,BRA
2545,IDN
2308,IDN
2010,COL
2082,AUS
2623,COK
497,RUS
757,ECU
716,PLW
2627,SLB
1912,BRA
297,VEN
933,MEX
1858,BRA
1487,MEX
2364,CAN
1266,MEX
1308,GNB
1856,BRA
936,MEX
1241,CAN
273,CAN
1759,BRA
496,RUS
1488,MEX
18,GHA
2288,MYS
1835,ECU
2269,IDN
1703,SDN
2514,VUT
193,AUS
2078,AUS
1845,BRA
2406,CHN
2625,FSM
266,CAN
2358,CAN
620,BRA
46,CMR
46,TCD
2491,NCL
506,RUS
1639,TCD
607,PER
1989,SUR
1282,MEX
971,MEX
2214,PHL
740,BOL
740,PER
372,RUS
1124,NPL
1416,CMR
33,CMR
1906,ARG
1906,PRY
1411,CMR
1772,BRA
1941,BRA
2055,COL
34,CMR
1854,BRA
2708,PNG
875,USA
2314,IDN
2370,CAN
2370,USA
1785,BRA
2598,IDN
710,COK
2489,NCL
953,MEX
972,MEX
2343,FSM
146,MEX
562,IND
1764,BRA
2353,COL
2496,NCL
254,CAN
2490,NCL
290,COL
1261,ECU
1741,SDN
1865,HND
1819,BRA
1419,BWA
1095,NPL
1707,BRA
2381,CAN
602,BRA
1395,CMR
1395,NGA
2342,FSM
2501,NCL
1781,BRA
186,AUS
114,TZA
1706,BRA
1900,PAN
2580,TLS
987,IND
463,RUS
1455,USA
684,GUF
684,SUR
1098,IND
1612,GEO
1612,RUS
113,ZAI
1453,USA
736,COL
736,PER
1195,IND
2441,CHN
1536,USA
590,PER
1251,BTN
1251,IND
2616,IDN
521,MMR
1698,SDN
1320,CIV
75,SDN
482,USA
2630,SLB
1657,TCD
596,BRA
1254,BTN
2590,IDN
1376,BWA
1383,NGA
712,USA
2584,TLS
1396,BWA
526,LAO
526,VNM
1984,TUR
2207,CHN
143,GRL
112,ZAI
49,GAB
528,MMR
1049,RUS
184,AUS
2585,TLS
2681,PNG
2081,AUS
1235,BRA
1746,GAB
1511,ITA
48,TCD
2586,TLS
2262,PAK
2262,AFG
1814,BRA
1496,CHN
1745,GAB
542,LAO
542,VNM
553,LAO
553,VNM
1437,TJK
2405,CHN
1348,ITA
2566,IDN
95,KEN
1622,BRA
346,DEU
1498,AFG
1740,SDN
1747,GAB
1249,BTN
563,LAO
563,THA
2258,LAO
315,SUR
773,AFG
1414,CMR
2323,IDN
448,IND
1410,CMR
1656,TCD
2306,IDN
2226,KHM
1031,USA
2190,ESH
2260,CHN
2260,IND
84,ETH
456,CHN
1575,IND
973,MEX
1270,MEX
1499,MEX
584,BOL
2340,FSM
530,IND
924,MEX
974,MEX
1788,GTM
1649,TCD
1642,TCD
1731,SDN
2502,NCL
2503,NCL
1913,COL
1855,BRA
2493,NCL
1830,GTM
2636,SLB
1697,BRA
1272,MEX
1923,BRA
2359,CAN
2252,LAO
588,ARG
588,BOL
588,PRY
2420,CHN
2289,MYS
2034,CHN
2613,IDN
2614,IDN
2416,CHN
2279,IDN
1709,PER
1093,NPL
2605,IDN
1634,TCD
1968,CAN
1809,BRA
1580,IND
2688,PNG
628,BRA
1126,NPL
920,MEX
1833,GTM
343,CYP
1196,IND
1287,MEX
2067,BRA
947,MEX
442,NPL
2344,FSM
1341,GBR
2253,LAO
1807,BRA
1646,TCD
1757,BRA
2346,FSM
1805,BRA
2234,PHL
1724,SDN
589,BRA
1661,CAF
635,BOL
2355,CAN
90,ETH
786,USA
1955,BRA
2403,CHN
434,NPL
1848,PAK
2291,MYS
15,CIV
1645,TCD
2000,COL
1221,CHN
1221,IND
1869,BRA
1518,RUS
1412,CMR
1812,BRA
2282,MYS
1909,COL
2032,CHN
2317,IDN
2039,CHN
2295,MYS
1722,SDN
304,SUR
215,AUS
1184,IND
473,RUS
1226,IND
2257,LAO
1284,MEX
1017,MEX
1761,BRA
1377,BWA
1630,BRA
877,USA
1540,USA
1538,USA
1539,USA
921,MEX
2348,FSM
2059,MAR
1018,MEX
840,USA
268,CAN
2239,VNM
1467,SEN
2272,IDN
765,USA
1946,PER
2178,OMN
1110,NPL
518,LAO
433,IND
433,NPL
302,GUY
302,VEN
1407,CMR
435,IND
435,NPL
1360,MEX
747,PER
2679,PNG
2310,IDN
2292,MYS
2602,IDN
2536,IDN
2437,CHN
1328,BEN
1043,RUS
1654,TCD
975,MEX
579,PER
1771,BRA
984,CHN
984,IND
1192,IND
168,AUS
1225,IND
166,AUS
961,NPL
1936,BRA
281,AFG
2167,PHL
758,ECU
1214,IND
81,ETH
2277,IDN
1711,BRA
597,GUF
1846,PAK
2051,COL
591,ECU
1798,BRA
2033,CHN
1388,NGA
1339,ITA
2333,IDN
1290,LBY
1905,ARG
604,CHL
107,UGA
1033,NPL
1183,IND
1390,NGA
80,ETH
1573,IND
484,RUS
1194,CHN
1194,IND
61,SDN
1910,COL
1633,TCD
1851,AFG
632,ARG
545,THA
2555,IDN
1362,IND
1123,NPL
2247,VNM
1532,CAN
1532,USA
1222,IND
1572,AFG
2,DZA
2411,CHN
861,USA
1468,USA
1469,USA
311,COL
311,VEN
386,NOR
386,SWE
47,TCD
1748,GAB
1197,IND
1662,CAF
733,PER
1836,PAK
895,AFG
2482,AFG
1426,CHN
525,LAO
2412,CHN
325,VEN
561,CHN
675,CHN
675,MNG
675,RUS
1883,CRI
1933,BRA
233,AUS
564,CHN
762,USA
1372,USA
1373,USA
1374,USA
1375,USA
2285,MYS
732,PER
2066,BRA
1244,CAN
1640,TCD
1758,BRA
1650,TCD
923,MEX
541,VNM
2194,CHN
2657,PNG
1749,CMR
1749,GNQ
818,MEX
1172,NPL
299,COL
299,VEN
1823,GTM
50,GAB
566,ECU
566,PER
1691,SDN
1207,IND
1477,MLI
744,PER
1636,TCD
1054,AZE
1256,BTN
538,CHN
2223,MMR
745,PER
2070,AUS
2345,FSM
711,CHL
1436,TJK
1440,TJK
1440,AFG
2293,MYS
1009,THA
2287,MYS
1641,TCD
1903,PAN
1870,BRA
922,MEX
1714,SDN
559,LAO
559,VNM
127,ANG
957,MEX
1089,NPL
511,IND
667,BOL
69,SDN
2407,CHN
2026,CHN
663,BRA
517,MMR
517,THA
487,RUS
1483,MEX
963,NPL
2384,CAN
1340,GBR
1699,BRA
2394,CAN
2175,ISR
5,LBY
1312,GIN
1045,AZE
2276,IDN
2484,IND
2274,IDN
1743,GAB
1743,GNQ
99,KEN
1664,COG
1209,IND
489,CHN
489,RUS
1907,ARG
1907,URY
1382,NGA
77,ETH
1950,OMN
1322,GHA
686,GRL
676,RUS
1408,CMR
2338,FSM
2680,PNG
385,RUS
1242,USA
1201,IND
1967,VEN
2083,AUS
646,ARG
533,CHN
25,NGA
2626,FJI
1837,PAK
1837,AFG
1096,IND
874,USA
2349,FSM
2209,CHN
242,AUS
2587,TLS
326,VEN
1428,CHN
76,ERI
1153,NPL
2620,IDN
1052,AZE
1052,RUS
991,MEX
908,MEX
1752,BLZ
1285,MEX
2315,IDN
1679,ETH
1899,PAN
1725,SDN
1311,SEN
1271,MEX
1736,SDN
1393,NGA
2365,CAN
554,MMR
883,USA
578,COL
2218,MMR
1720,SDN
2576,IDN
1716,SDN
1269,MEX
1099,NPL
1834,GTM
1737,SDN
2690,PNG
85,ETH
1926,BOL
2415,CHN
543,IND
1158,NPL
976,MEX
1323,GHA
1727,SDN
2196,VNM
1832,GTM
1551,IND
1552,IND
1181,IND
1313,GIN
1044,RUS
13,GIN
2404,CHN
670,GUY
670,SUR
581,ECU
749,PER
1431,CHN
459,CHN
1047,RUS
1097,IND
1097,SDN
523,CHN
878,USA
1127,CHN
1127,NPL
1441,BWA
2312,IDN
2316,IDN
54,SDN
2174,ISR
1920,BRA
1932,BRA
1981,VEN
1908,PER
717,MRT
2233,LAO
906,MEX
1545,CAN
267,CAN
1744,COG
1744,GAB
1742,CMR
1742,GNQ
1101,NPL
1327,GHA
58,SDN
1673,ETH
688,CAN
1111,NPL
748,PER
308,COL
308,VEN
713,TKL
2326,IDN
1689,SDN
2373,CAN
1427,CHN
1086,NPL
954,MEX
1283,MEX
151,CAN
2028,CHN
993,MEX
1160,NPL
2057,COL
468,RUS
1125,NPL
983,CHN
983,IND
2220,LAO
2220,MMR
2220,THA
2454,MAR
1349,ITA
1193,IND
2002,COL
123,TZA
450,CHN
1922,BOL
870,USA
30,NGA
117,TZA
2183,DZA
1602,PAK
1188,IND
1040,RUS
2068,OMN
531,VNM
1979,VEN
2426,CHN
288,COL
900,USA
1671,ETH
2436,CHN
2429,CHN
307,GUY
1206,IND
2313,IDN
709,COK
388,GRC
388,MKD
1435,TJK
1103,IND
444,BTN
1962,OMN
1597,SWE
1216,IND
1063,AZE
2524,IDN
128,NAM
310,VEN
529,CHN
1094,IND
2243,VNM
2413,CHN
72,SDN
851,MEX
73,SDN
634,BOL
1486,MEX
1138,BGD
1605,PAK
1603,PAK
909,MEX
2248,VNM
1305,SEN
1301,SEN
1871,CRI
1829,GTM
2372,CAN
420,RUS
1039,RUS
285,GUY
285,VEN
1767,BRA
1767,COL
1767,VEN
2341,FSM
432,NPL
785,USA
1631,BRA
32,NGA
1879,BRA
2271,IDN
1010,MMR
1010,THA
2624,NRU
2299,AFG
1014,PER
1100,CHN
1100,IND
1293,LBY
1060,RUS
323,BRA
1460,TJK
1818,BRA
65,SDN
2366,CAN
992,MEX
498,RUS
74,SDN
1763,BRA
1115,NPL
1042,RUS
585,BOL
1729,SDN
83,ETH
929,MEX
1166,NPL
2375,CAN
1053,RUS
1694,SDN
57,SDN
2444,CHN
1676,ETH
1281,MEX
879,USA
1087,CHN
1087,IND
2720,MEX
1317,CAN
692,CAN
694,MEX
1902,PAN
2339,FSM
2339,NRU
1677,ETH
1828,GTM
1217,IND
91,KEN
2301,IRN
2433,CHN
2061,IRN
1786,IRN
1783,IRN
1439,UZB
1439,TJK
1439,AFG
2431,CHN
103,TZA
1795,IRN
2302,IRN
1852,BRA
320,GUY
1739,CAF
1739,ZAI
1739,SDN
2438,CHN
1332,RUS
1015,PER
316,COL
316,VEN
1702,BRA
309,COL
309,VEN
925,MEX
593,COL
2172,ISR
1875,CRI
466,RUS
1983,GUY
1318,BFA
1369,MEX
88,ETH
739,PER
708,PYF
2402,CHN
1693,SDN
767,USA
1701,SDN
2187,PRY
735,PER
1853,COL
67,SDN
2424,CHN
1255,BTN
1675,BRA
586,ECU
1182,IND
1726,SDN
2284,MYS
557,CHN
1980,JPN
1526,USA
271,CAN
994,MEX
1647,TCD
918,MEX
1274,MEX
1268,MEX
1604,PAK
1016,MEX
1685,ETH
1728,SDN
1750,BLZ
1085,NPL
2581,IDN
2337,IDN
1889,NIC
1219,CHN
1219,IND
880,USA
2244,VNM
275,CAN
2362,CAN
1485,MEX
1088,NPL
2259,CHN
2259,IND
2259,MMR
896,USA
1541,USA
1542,USA
1850,PAK
1850,AFG
1780,GTM
1297,SEN
291,COL
330,ESP
119,TZA
1678,UZB
2029,CHN
2430,CHN
1343,ITA
1008,THA
743,PER
903,USA
461,CHN
394,DEU
605,COL
605,PER
2173,ISR
1956,BOL
2283,MYS
483,RUS
300,COL
300,VEN
1516,RUS
1298,SEN
1055,AZE
139,TCD
535,IND
2331,IDN
1198,IND
1248,BTN
27,NGA
1948,BRA
1589,IND
1718,SDN
718,TUN
344,SWE
2027,CHN
2296,MYS
1723,SDN
2440,CHN
120,TZA
1246,BTN
2447,CHN
2410,CHN
1079,RUS
1079,TKM
1484,MEX
55,SDN
1303,SEN
1083,NPL
2610,IDN
2665,PNG
690,USA
691,USA
1102,NPL
1296,SEN
683,VEN
731,PER
322,COL
1963,VEN
714,TUV
1084,CHN
1084,IND
1824,GTM
19,GHA
1733,ETH
1733,SDN
917,MEX
919,MEX
1784,GTM
1489,MEX
2327,IDN
2238,VNM
1046,RUS
1606,IND
2446,CHN
1090,IND
2435,CHN
556,CHN
2617,IDN
2618,IDN
1333,RUS
1309,GIN
1286,MEX
52,SDN
1751,BLZ
939,MEX
71,SDN
2304,IDN
11,GIN
1721,SDN
1168,IND
1816,BRA
1300,SEN
1190,BGD
1190,IND
1666,BRA
703,NIU
2574,IDN
1109,NPL
294,BLZ
62,SDN
707,PYF
1584,IND
441,NPL
286,COL
2246,VNM
1250,BTN
2432,CHN
1773,IRN
1180,IND
24,NGA
2445,CHN
1681,ETH
539,THA
648,BRA
1361,IND
1145,NPL
871,USA
1524,USA
1289,DZA
1425,CHN
2031,CHN
2294,MYS
1719,SDN
6,EGY
2428,CHN
2324,IDN
2448,CHN
2162,DZA
2254,LAO
2401,THA
2434,CHN
1051,RUS
109,UGA
654,PER
1560,IND
1684,ETH
1583,IND
276,CAN
1142,IND
1712,LBY
1307,SEN
1310,SEN
1797,IRN
1278,MEX
617,BRA
1092,NPL
1595,PAK
1595,AFG
1187,IND
1189,IND
1959,BRA
384,DEU
1680,
2090,SYR
1965,GUY
1965,VEN
1990,THA
1252,BTN
1995,DZA
1448,BGR
1448,ROU
436,NPL
1337,UKR
1614,ITA
1878,BRA
327,FIN
327,RUS
1185,IND
1152,IND
1438,TJK
1405,BWA
2443,CHN
978,IND
985,IND
1502,CHN
2224,MMR
955,MEX
1280,MEX
1273,MEX
277,CAN
1779,IRN
1799,IRN
2300,IRN
63,SDN
1178,IND
1157,IND
1386,NGA
1461,CHN
1306,GNB
1901,PAN
1164,IND
1802,IRN
1802,IRQ
1203,IND
1173,IND
599,COL
1037,RUS
1501,CHN
1169,NPL
1513,ROU
1513,SRB
1215,IND
885,USA
1351,ROU
1423,CHN
396,FIN
396,RUS
699,MAR
1006,LAO
1006,THA
1061,AZE
1061,RUS
1964,GUY
1964,VEN
1862,HND
1576,IND
1302,SEN
1105,NPL
1505,MEX
1430,CHN
941,MEX
1279,MEX
1170,IND
1446,NPL
907,MEX
1112,NPL
1844,PAK
1146,IND
1036,AZE
1036,RUS
1035,RUS
2030,CHN
2525,IDN
1350,AUT
1350,HUN
1350,SVK
2408,CHN
2451,ISR
1768,IRN
1120,NPL
1245,BTN
440,BTN
440,IND
440,NPL
565,ITA
2425,CHN
2427,CHN
1715,SDN
1012,PER
1276,ECU
1378,TJK
1378,AFG
393,FIN
393,NOR
393,RUS
393,SWE
2181,DZA
2221,MMR
2221,THA
659,ARG
2321,IDN
503,RUS
421,HRV
421,SRB
979,IND
1077,RUS
1077,TUR
1171,IND
1561,IND
431,NPL
2309,IDN
1490,MEX
1106,IND
1116,NPL
1277,MEX
1147,IND
1150,IND
1800,GTM
296,COL
296,VEN
988,IND
938,IND
759,ECU
1218,IND
999,PER
742,BRA
742,COL
742,PER
406,CHE
1491,MEX
1778,GTM
2414,CHN
1356,MEX
1082,NPL
427,RUS
1151,IND
905,MEX
2235,LAO
1717,SDN
1134,IND
734,PER
986,IND
1208,IND
1927,ARG
1927,BOL
70,SDN
1137,MMR
1104,IND
998,PER
1275,ECU
1247,BTN
149,THA
2210,NER
1447,NPL
1304,SEN
1670,KAZ
1670,KGZ
1143,IND
1804,IRN
704,COK
134,LSO
927,MEX
362,IRL
362,GBR
1329,NGA
1025,NPL
60,SDN
2249,CHN
1931,ECU
1213,IND
2240,VNM
2241,CHN
1108,IND
915,MEX
1352,GRC
462,RUS
458,CHN
458,MNG
507,RUS
2229,VNM
422,EST
422,RUS
1232,IND
1494,TUR
687,GRL
1422,CHN
1159,IND
1929,ECU
1949,YEM
1986,SYR
1986,TUR
2261,BTN
2261,CHN
2261,IND
122,TZA
1475,ROU
2180,DZA
1587,IND
481,RUS
370,POL
643,CRI
1504,MEX
411,GBR
1186,IND
1787,GTM
1027,FRO
2439,CHN
2480,PAK
1155,IND
1139,IND
1554,IND
1897,PAN
1131,IND
741,PER
2350,GUM
1831,GTM
1594,BGD
1330,ITA
1562,IND
1567,IND
1567,PAK
1713,SDN
702,NZL
2237,LAO
1568,BGD
1568,IND
1379,CHN
1379,PAK
1379,TJK
1379,AFG
2179,YEM
1347,ITA
2163,DZA
1765,IRN
641,COL
2303,ARG
1058,GEO
2236,LAO
2236,VNM
1144,IND
1686,ETH
1777,GTM
1791,GTM
1141,IND
1133,IND
928,MEX
1599,PAK
940,MEX
932,MEX
700,SDN
1930,ECU
669,RUS
1135,IND
1825,GTM
397,RUS
292,COL
1162,IND
760,TJK
760,AFG
1861,HND
1754,ARG
342,UKR
1233,CHN
451,CHN
366,FRA
366,ITA
366,CHE
1620,OMN
1620,YEM
1891,NIC
1944,BOL
356,ITA
96,KEN
96,TZA
904,MEX
1136,IND
1429,CHN
1179,CHN
1179,IND
1167,IND
1564,IND
916,MEX
1590,IND
784,USA
408,ITA
655,DZA
1588,IND
1129,IND
1076,GEO
1076,RUS
1076,TUR
1553,IND
1073,RUS
1056,GEO
1056,TUR
1140,IND
1569,IND
1826,GTM
1154,IND
1128,CHN
1128,IND
1128,NPL
332,ESP
332,PRT
376,LVA
376,RUS
1996,DZA
404,FRA
1174,IND
1071,RUS
368,RUS
340,FRA
340,ITA
1253,BTN
1582,IND
1898,PAN
981,CHN
981,IND
977,IND
1132,IND
1557,IND
389,MDA
389,UKR
1161,IND
1258,BTN
1258,CHN
1258,IND
2225,KHM
355,FRA
1384,NGA
7,IRQ
7,LBN
7,SYR
1570,IND
1210,IND
1204,IND
847,IRN
328,RUS
365,FRA
365,ITA
373,RUS
2481,PAK
1600,PAK
1592,IND
2232,ARM
2232,IRN
2232,IRQ
2232,SYR
2232,TUR
1970,LBY
1234,CHN
1234,MNG
1234,RUS
1130,IND
1119,IND
1380,NGA
336,FRA
352,ESP
352,FRA
1205,IND
2245,CHN
1563,IND
1434,CHN
1434,KGZ
1434,MNG
1064,IRQ
1064,ISR
1064,JOR
1064,MKD
1064,RUS
1064,SYR
1064,TUR
2452,ISR
469,RUS
1578,IND
1028,IND
1028,NPL
401,UKR
1078,ARM
1078,GEO
1078,GRC
1078,RUS
1078,TUR
1078,UKR
1935,ECU
1479,CHN
1574,IND
1075,RUS
295,COL
295,VEN
1113,NPL
426,NLD
1057,GEO
1424,CHN
964,NPL
424,DEU
424,BEL
424,FRA
424,LUX
1503,MEX
626,CHL
1212,IND
2165,ISR
350,RUS
378,FRA
381,ITA
534,CHN
1068,RUS
347,RUS
1165,IND
1801,GTM
508,RUS
1074,RUS
1506,MEX
418,RUS
1822,GTM
1118,NPL
1558,IND
2485,IRN
2485,PAK
2485,AFG
1072,AZE
1072,RUS
375,FRA
331,ALB
331,BGR
331,GRC
331,MKD
331,SRB
1070,RUS
1230,IND
1091,IND
1066,GEO
1066,RUS
353,ITA
997,PER
1947,BEL
1947,FRA
1947,LUX
1559,IND
1065,RUS
1065,TUR
415,ESP
415,FRA
1228,BGD
1228,IND
398,BEL
398,FRA
1827,GTM
1202,IND
1202,NPL
425,GBR
1211,IND
1069,RUS
2222,MMR
2222,THA
701,MLI
1523,BRB
1523,POL
1523,UKR
1117,NPL
989,PER
1803,GTM
1229,IND
337,ITA
1231,IND
1577,IND
377,FRA
377,ITA
377,MCO
407,HUN
407,POL
407,ROU
407,SVK
407,UKR
1024,SVK
1024,UKR
1515,AZE
1515,IRN
1013,PER
1114,IND
1114,NPL
1227,IND
338,RUS
1067,RUS
334,RUS
1026,ALB
1026,BGR
1026,MKD
1026,ROU
1026,SRB
410,GBR
1476,BEL
1476,FRA
1476,NLD
1556,IND
1585,IND
2065,NER
1591,IND
755,BOL
755,CHL
755,PER
349,ITA
349,SMR
399,ITA
1021,HRV
1021,ITA
1021,SVN
1985,TUR
1565,IND
1565,NPL
1943,BOL
1020,DEU
1020,BEL
1020,NLD
1586,IND
2211,ISR
382,ITA
382,CHE
405,ALB
405,DEU
405,AUT
405,BRB
405,BIH
405,BGR
405,HRV
405,EST
405,FIN
405,FRA
405,GRC
405,HUN
405,ITA
405,LVA
405,LTU
405,MKD
405,NLD
405,POL
405,ROU
405,GBR
405,RUS
405,SVK
405,SVN
405,CHE
405,CZE
405,TUR
405,UKR
405,SRB
405,MNE
335,BRB
335,LVA
335,LTU
335,POL
335,RUS
335,UKR
383,DEU
383,DNK
383,NLD
383,POL
383,RUS
1023,ITA
1022,ITA
2486,UZB
2486,TJK
2486,AFG
2479,AFG
2453,ISR
1993,SUR
1975,JPN
1177,IND
500,RUS
1495,IRN
1961,VEN
1019,DEU
1019,AUT
1019,HUN
1019,ITA
1019,CHE
1019,CZE
2714,IND
2714,PAK
354,BGR
673,GRC
673,MKD
673,TUR
1566,IND
1607,IND
2022,COL
2020,COL
2062,GUY
1581,IND
2189,PRY
1659,BOL
804,CAN
2016,COL
2038,COL
256,USA
2459,KHM
339,GBR
2185,GRC
695,CAN
2004,COL
471,RUS
478,RUS
495,RUS
674,RUS
2450,MNG
2450,RUS
402,FRA
1519,BEL
1519,FRA
1520,BEL
1520,FRA
1521,FRA
1522,FRA
1522,CHE
1598,RUS
387,GBR
1011,DEU
1011,AUT
1011,FRA
1011,ITA
1011,LIE
1011,CHE
2186,PRY
2052,PRY
2014,COL
2395,CAN
262,CAN
262,USA
2203,IRN
1492,TUR
1493,GEO
1493,RUS
2063,COL
2398,CAN
888,USA
2717,IND
2717,PAK
2216,ISR
2469,MYS
672,DEU
672,DNK
2588,IDN
2463,KHM
2297,MYS
2298,MYS
1365,RUS
2466,KHM
374,ALB
374,DZA
374,BIH
374,BGR
374,HRV
374,GRC
374,MKD
374,MAR
374,ROU
374,TUR
374,SRB
622,PRY
380,LVA
140,CAN
2019,COL
1998,COL
623,PRY
2007,COL
1579,IND
2468,MYS
721,RUS
264,USA
1243,USA
1324,CAN
1325,CAN
1381,CAN
2516,CAN
2517,CAN
1992,GUY
2477,CHN
2477,LAO
2477,MMR
2477,THA
1973,JPN
2005,COL
2093,ARG
2093,BOL
464,RUS
348,UKR
391,ROU
392,FRA
333,FRA
97,KEN
118,TZA
1974,JPN
2368,CAN
2368,USA
2369,CAN
2369,USA
930,MEX
2470,MMR
2471,MMR
697,MEX
2589,IDN
1478,DEU
1478,FRA
2371,CAN
1497,THA
2718,IND
2718,PAK
795,USA
1911,BOL
2472,MMR
2467,KHM
2217,EGY
2217,ISR
2217,JOR
2217,LBN
2217,LBY
2217,PSE
2217,SYR
1971,JPN
1976,JPN
2053,PRY
2378,CAN
1994,SUR
2715,IND
2715,PAK
2383,CAN
2008,COL
409,DNK
409,SWE
2017,COL
680,RUS
2392,CAN
2012,COL
2386,CAN
2182,DZA
2208,LAO
2476,MMR
2188,PRY
1951,BOL
2011,COL
1960,ARG
1960,BOL
1960,PRY
1059,AZE
2013,COL
2009,COL
2391,CAN
2192,GEO
265,USA
280,USA
1473,USA
1336,GEO
1336,RUS
1336,UKR
1596,DEU
1596,CZE
2397,CAN
2018,COL
428,DEU
428,AUT
428,BRB
428,BEL
428,DNK
428,EST
428,FIN
428,FRA
428,HUN
428,ITA
428,LVA
428,LTU
428,LUX
428,MDA
428,NOR
428,NLD
428,POL
428,ROU
428,GBR
428,RUS
428,SVK
428,SWE
428,CHE
428,CZE
428,UKR
1972,JPN
2015,COL
2716,IND
2716,PAK
3,DZA
367,GRC
447,IND
457,RUS
537,IND
1334,RUS
1335,UKR
1346,SVN
1608,IND
1938,AUS
1982,GUY
2021,COL
2087,HND
2089,NIC
2092,NIC
2094,PAN
2177,OMN
2215,MAR
2396,CAN
2456,CHN
2457,KHM
2458,KHM
2460,KHM
2461,KHM
2462,KHM
2464,KHM
2465,KHM
2465,LAO
2465,VNM
2473,MMR
2474,MMR
2475,MMR
2478,MMR
2723,IND
2724,KOR
